ROAD_SURFACE_CATEGORY,SERIOUS_AND_FATAL_ACCIDENT_PROB
Unpaved,39.15289256198347
Gravel,38.51083565224724
Paved,36.036009826739075
Unknown,17.892425905598245
